
   { "movies" : [
      {
  
        "Title": "The Graduate",
        "Rated": "Approved",
        "Released": "Yes",
        "Genre": "Comedy,Drama,Romance",
        "Director": "Mike Nichols",
        "Writers": "Calder Willingham (screenplay),Buck Henry (screenplay),Charles Webb (based on the novel by)",
        "Actors": "Anne Bancroft,Dustin Hoffman,Katharine Ross,William Daniels",
        "Language": "English",
        "country": "USA",
        "Awards": "Won 1 Oscar. Another 22 wins & 13 nominations.",
        "imdbRating": "8.1",
        "imdbVotes": "183,131",
        "imdbID": "tt0061722"
      }
    ]
   }