[
    {
        "OrderID": 3,
        "NoOfSeats": 3,
        "Price": 500,
        "HallNm": "Dhanya",
        "Screen": "Screen1",
        "MovieID": "1",
        "Type": "Gold",
        "Seats": "s1,s2,s3",
        "Customer": 1
    },
    {
        "OrderID": 4,
        "NoOfSeats": 3,
        "Price": 500,
        "HallNm": "Dhanya",
        "Screen": "Screen1",
        "MovieID": "1",
        "Type": "Gold",
        "Seats": "s1,s2,s3",
        "Customer": 1
    },
    {
        "OrderID": 10,
        "NoOfSeats": 2,
        "Price": 300,
        "HallNm": "PVR",
        "Screen": "Screen1",
        "MovieID": "8",
        "Type": "Gold",
        "Seats": "e8,e42",
        "Customer": 1
    },
    {
        "OrderID": 11,
        "NoOfSeats": 2,
        "Price": 300,
        "HallNm": "PVR",
        "Screen": "Screen1",
        "MovieID": "8",
        "Type": "Gold",
        "Seats": "e8,e42",
        "Customer": 1
    },
    {
        "OrderID": 12,
        "NoOfSeats": 2,
        "Price": 300,
        "HallNm": "PVR",
        "Screen": "Screen1",
        "MovieID": "8",
        "Type": "Gold",
        "Seats": "e8,e42",
        "Customer": 1
    },
    {
        "OrderID": 13,
        "NoOfSeats": 2,
        "Price": 300,
        "HallNm": "PVR",
        "Screen": "Screen1",
        "MovieID": "8",
        "Type": "Gold",
        "Seats": "e8,e42",
        "Customer": 1
    },
    {
        "OrderID": 14,
        "NoOfSeats": 2,
        "Price": 300,
        "HallNm": "PVR",
        "Screen": "Screen1",
        "MovieID": "8",
        "Type": "Gold",
        "Seats": "e8,e42",
        "Customer": 1
    },
    {
        "OrderID": 15,
        "NoOfSeats": 2,
        "Price": 300,
        "HallNm": "PVR",
        "Screen": "Screen1",
        "MovieID": "8",
        "Type": "Gold",
        "Seats": "e8,e42",
        "Customer": 1
    }
]